Method,Total_Throughput_Mbps,NOMA_Pairs,OMA_Users,Avg_NOMA_Rate_bitsHz,Avg_OMA_Rate_bitsHz,NOMA_Percentage
Static,191.17987858173768,131,238,10.677538493065494,8.943324442191097,52.400000000000006
Balanced,213.45220799247204,250,0,10.672610399623602,0.0,100.0
Blossom,213.49924665345617,250,0,10.67496233267281,0.0,100.0
