Method,Time_ms,Time_std_ms,Pairs,Pairing_Efficiency_%,Throughput_Mbps,Avg_Sum_Rate_bps_Hz
Static,1.4870999984850641,0.0,250,100.0,40780.82997028987,8.156165994057973
Balanced,0.1883000004454516,0.0,250,100.0,52795.45057336732,10.559090114673465
Bipartite,29203.334199999517,0.0,232,92.80000000000001,73296.08276758305,15.796569561979107
NOMA-GNN,796.9086000011885,0.0,225,90.0,70744.10868302375,15.720913040671944
