Method,Time_ms,Time_std_ms,Pairs,Pairing_Efficiency_%,Throughput_Mbps,Avg_Sum_Rate_bps_Hz
Static,0.6222999994254982,0.5171499396507001,250,100.0,40780.82997028987,8.156165994057973
Balanced,0.23383333488406302,0.09297570713808602,250,100.0,52795.45057336732,10.559090114673465
Bipartite,23178.84829999942,1183.2381628972716,232,92.80000000000001,73296.08276758305,15.796569561979107
Blossom,30935.016700001142,0.0,232,92.80000000000001,73296.09098665953,15.796571333331794
NOMA-GNN,739.7167999988596,79.21635734522854,225,90.0,70744.10868302375,15.720913040671944
