Method,Time_ms,Time_std_ms,NOMA_Pairs,OMA_Users,Users_Served,Pairing_Efficiency_%,Throughput_Mbps,Avg_Sum_Rate_bps_Hz,Per_Pair_BW_kHz
Static,2.520800000638701,0.0,242,516,1000,48.4,716.9408092269562,16.45869626324509,180.0
Balanced,0.1694999991741497,0.0,321,358,1000,64.2,910.1894327557875,15.752672771820482,180.0
Bipartite,171647.96579999893,0.0,470,60,1000,94.0,1335.414251912878,15.785038438686502,180.0
NOMA-GNN,2681.714499998634,0.0,451,98,1000,90.2,1277.5982081067737,15.737844396486494,180.0
