{"mean": [3337.725830078125, 92.02738189697266, 0.020088840276002884, 0.8839826583862305, -94.56044006347656], "std": [1174.23779296875, 5.601649284362793, 7.99633264541626, 0.46023207902908325, 11.25394058227539]}