Method,Total_Throughput_Mbps,NOMA_Pairs,OMA_Users,Avg_NOMA_Rate_bitsHz,Avg_OMA_Rate_bitsHz,NOMA_Percentage
Static,180.5393516256438,10,480,7.870426859124765,9.05106217966047,4.0
Balanced,182.0311619790033,10,480,16.34112713970736,8.95073374393439,4.0
Blossom,180.42236500279122,10,480,17.259093761842262,8.849493760312422,4.0
